{
  "level": "L2",
  "name": "melody_plus_bass_synthetic_sep",
  "note_f1": 0.6666666666666666,
  "onset_mae_ms": 12.766439909297045,
  "predicted_count": 3,
  "gt_count": 3
}