{
  "sine_440": 1.0,
  "scale_c_maj": 1.0,
  "melody_plus_bass_synthetic_sep": 0.6666666666666666,
  "melody_plus_bass_crepe_rmvpe": 0.6666666666666666,
  "poly_full_score": 0.5882352941176471,
  "poly_full_score_crepe_rmvpe": 0.5882352941176471,
  "happy_birthday": 1.0,
  "old_macdonald": 1.0
}