level,name,note_f1,onset_mae_ms,predicted_count,gt_count
L0,sine_440,1.0,0.0,1,1
L1,scale_c_maj,1.0,12.8571428571429,8,8
L2,melody_plus_bass_synthetic_sep,0.6666666666666666,12.766439909297045,3,3
L2,melody_plus_bass_crepe_rmvpe,0.6666666666666666,12.766439909297045,3,3
L3,poly_full_score,0.5882352941176471,19.35600907029477,5,12
L3,poly_full_score_crepe_rmvpe,0.5882352941176471,19.35600907029477,5,12
L4,happy_birthday,1.0,20.76341647770222,6,6
L4,old_macdonald,1.0,15.477810171687755,7,7
