{
  "melody_plus_bass_synthetic_sep": 0.6666666666666666,
  "melody_plus_bass_crepe_rmvpe": 0.6666666666666666
}