{
  "level": "L1",
  "name": "scale_c_maj",
  "note_f1": 0.6666666666666666,
  "onset_mae_ms": 13.197278911564664,
  "predicted_count": 16,
  "gt_count": 8
}