{
  "level": "L2",
  "name": "melody_plus_bass_crepe_rmvpe",
  "note_f1": 0.4444444444444444,
  "onset_mae_ms": 12.766439909297045,
  "predicted_count": 6,
  "gt_count": 3
}