{
  "level": "L4",
  "name": "happy_birthday",
  "note_f1": 0.6666666666666666,
  "onset_mae_ms": 9.66742252456539,
  "predicted_count": 12,
  "gt_count": 6
}