{
  "sine_440": 0.6666666666666666,
  "scale_c_maj": 0.6666666666666666,
  "melody_plus_bass_synthetic_sep": 0.5,
  "melody_plus_bass_crepe_rmvpe": 0.4444444444444444,
  "poly_full_score": 0.17391304347826086,
  "poly_full_score_crepe_rmvpe": 0.17391304347826086,
  "happy_birthday": 0.6666666666666666,
  "old_macdonald": 0.631578947368421
}