level,name,note_f1,onset_mae_ms,predicted_count,gt_count
L0,sine_440,0.6666666666666666,0.0,2,1
L1,scale_c_maj,0.6666666666666666,13.197278911564664,16,8
L2,melody_plus_bass_synthetic_sep,0.5,12.766439909297045,5,3
L2,melody_plus_bass_crepe_rmvpe,0.4444444444444444,12.766439909297045,6,3
L3,poly_full_score,0.17391304347826086,49.3877551020408,11,12
L3,poly_full_score_crepe_rmvpe,0.17391304347826086,49.3877551020408,11,12
L4,happy_birthday,0.6666666666666666,9.66742252456539,12,6
L4,old_macdonald,0.631578947368421,8.828420256991672,12,7
